# Импортировано 2026-07-30. Результаты ДО запуска публичного архива (2026-07-30); в реальном времени публично не проверялись.
n,date_utc,match_id,minute,league,teams,market,selection,odds,stake,result,profit
1,2026-04-10 12:02 UTC,8765407551,драфт (до игры),,Nigma Galaxy vs Team Liquid,Победитель,Team Liquid,1.78,1000,проигрыш,-1000
2,2026-04-10 12:08 UTC,8765407551,10-я минута,,Nigma Galaxy vs Team Liquid,Победитель,Nigma Galaxy,1.85,1000,выигрыш,850
3,2026-04-10 15:15 UTC,8765688078,драфт (до игры),,L1GA TEAM vs GamerLegion,Победитель,L1GA TEAM,2.25,1000,проигрыш,-1000
4,2026-04-10 17:14 UTC,8765867665,драфт (до игры),,PARIVISION vs MOUZ,Длительность матча,Больше 36 мин,1.68,1000,выигрыш,680
5,2026-04-10 18:43 UTC,8765976782,10-я минута,,GamerLegion vs Nigma Galaxy,Победитель,Nigma Galaxy,1.48,1000,проигрыш,-1000
6,2026-04-10 19:52 UTC,8766089530,драфт (до игры),,Nigma Galaxy vs GamerLegion,Победитель,GamerLegion,2.15,1000,выигрыш,1150
7,2026-04-10 19:52 UTC,8766089530,драфт (до игры),,Nigma Galaxy vs GamerLegion,Победитель карты / Продолжительность карты,GamerLegion + Больше 44.0,4,1000,проигрыш,-1000
8,2026-04-10 21:14 UTC,8766168681,драфт (до игры),,Nigma Galaxy vs GamerLegion,Победитель,GamerLegion,1.98,1000,выигрыш,980
9,2026-04-10 21:14 UTC,8766168681,драфт (до игры),,Nigma Galaxy vs GamerLegion,Победитель карты / Тотал убийств,GamerLegion + Меньше 47.5,4,1000,проигрыш,-1000
10,2026-04-10 21:25 UTC,8766168681,10-я минута,,Nigma Galaxy vs GamerLegion,Победитель,GamerLegion,1.85,1000,выигрыш,850
11,2026-04-11 11:20 UTC,8766874056,драфт (до игры),,Nigma Galaxy vs MOUZ,Победитель,MOUZ,2.05,1000,выигрыш,1050
12,2026-04-11 11:31 UTC,8766874056,10-я минута,,Nigma Galaxy vs MOUZ,Тотал убийств,Больше 42,2,1000,выигрыш,1000
13,2026-04-11 13:18 UTC,8767039368,драфт (до игры),,PARIVISION vs Nigma Galaxy,Длительность матча,Больше 36 мин,1.62,1000,проигрыш,-1000
14,2026-04-11 14:26 UTC,8767163289,драфт (до игры),,Nemiga Gaming vs Yellow Submarine,Победитель,Yellow Submarine,2.35,1000,выигрыш,1350
15,2026-04-11 14:43 UTC,8767163289,15-я минута,,Nemiga Gaming vs Yellow Submarine,Победитель,Yellow Submarine,2.1,1000,выигрыш,1100
16,2026-04-11 15:14 UTC,8767241386,драфт (до игры),,Nemiga Gaming vs Yellow Submarine,Победитель,Yellow Submarine,2.3,1000,проигрыш,-1000
17,2026-04-12 04:16 UTC,8768060465,драфт (до игры),,Yangon Galacticos vs Ivory,Победитель,Yangon Galacticos,2.05,1000,выигрыш,1050
18,2026-04-12 04:16 UTC,8768060465,драфт (до игры),,Yangon Galacticos vs Ivory,Победитель карты / Продолжительность карты,Yangon Galacticos + Больше 41.0,4.4,1000,проигрыш,-1000
19,2026-04-12 05:35 UTC,8768125436,драфт (до игры),,Ivory vs Yangon Galactico,Победитель,Yangon Galacticos,2.25,1000,проигрыш,-1000
20,2026-04-12 05:35 UTC,8768125436,драфт (до игры),,Ivory vs Yangon Galactico,Победитель карты / Продолжительность карты,Yangon Galacticos + Больше 41.0,4.4,1000,проигрыш,-1000
21,2026-04-12 09:13 UTC,8768337245,драфт (до игры),,L1GA TEAM vs Rune Eater,Длительность матча,Больше 36 мин,1.62,1000,выигрыш,620
22,2026-04-12 09:26 UTC,8768337245,10-я минута,,L1GA TEAM vs Rune Eater,Тотал убийств,Больше 42,1.85,1000,выигрыш,850
23,2026-04-12 11:56 UTC,8768509968,10-я минута,,L1GA TEAM vs Rune Eater,Победитель,L1GA TEAM,1.42,3000,выигрыш,1260
24,2026-04-12 12:13 UTC,8768544040,драфт (до игры),,OG vs Ivory,Длительность матча,Больше 37 мин,2.4,3000,выигрыш,4200
25,2026-04-12 12:17 UTC,8768564420,драфт (до игры),,Team Nemesis vs Carstensz Esport,Длительность матча,Больше 38 мин,2.1,3000,выигрыш,3300
26,2026-04-12 12:17 UTC,8768564420,драфт (до игры),,Team Nemesis vs Carstensz Esport,Комбо-ставка,Team Nemesis + Больше 51.5,3.1,600,выигрыш,1260
27,2026-04-12 12:20 UTC,8768544040,5-я минута,,OG vs Ivory,Победитель,OG,1.88,3000,проигрыш,-3000
28,2026-04-12 12:26 UTC,8768544040,10-я минута,,OG vs Ivory,Тотал убийств,Больше 40,2,3000,выигрыш,3000
29,2026-04-12 12:33 UTC,8768564420,10-я минута,,Team Nemesis vs Carstensz Esport,Тотал убийств,Больше 42,2.1,3000,выигрыш,3300
30,2026-04-12 13:45 UTC,8768693713,10-я минута,,Team Nemesis vs Carstensz Esport,Тотал убийств,Больше 37,2.1,3000,выигрыш,3300
31,2026-04-12 14:29 UTC,8768769661,10-я минута,,Team Lynx vs MOUZ,Тотал убийств,Больше 38,1.92,3000,выигрыш,2760
32,2026-04-12 14:31 UTC,8768767328,10-я минута,,Zero Tenacity vs Virtus.pro,Тотал убийств,Больше 40,2.15,3000,выигрыш,3450
33,2026-04-12 15:22 UTC,8768888971,драфт (до игры),,Team Lynx vs MOUZ,Комбо-ставка,MOUZ + Меньше 42.0,2.3,600,выигрыш,780
34,2026-04-12 15:29 UTC,8768888971,5-я минута,,Team Lynx vs MOUZ,Победитель,MOUZ,1.82,3000,выигрыш,2460
35,2026-04-12 15:35 UTC,8768888971,10-я минута,,Team Lynx vs MOUZ,Тотал убийств,Больше 42,2,3000,выигрыш,3000
36,2026-04-12 15:35 UTC,8768894035,5-я минута,,Zero Tenacity vs Virtus.pro,Победитель,Zero Tenacity,2.4,3000,проигрыш,-3000
37,2026-04-12 15:40 UTC,8768894035,10-я минута,,Zero Tenacity vs Virtus.pro,Тотал убийств,Больше 39,1.95,3000,выигрыш,2850
38,2026-04-12 16:36 UTC,8768995011,драфт (до игры),,Team Lynx vs MOUZ,Комбо-ставка,MOUZ + Меньше 42.0,2.5,600,проигрыш,-600
39,2026-04-12 16:43 UTC,8768995011,5-я минута,,Team Lynx vs MOUZ,Победитель,MOUZ,1.72,3000,выигрыш,2160
40,2026-04-12 16:48 UTC,8768995011,10-я минута,,Team Lynx vs MOUZ,Тотал убийств,Больше 41,1.78,3000,выигрыш,2340
41,2026-04-12 17:26 UTC,8769027413,10-я минута,,Nemiga Gaming vs 1w Team,Тотал убийств,Больше 42,1.88,3000,проигрыш,-3000
42,2026-04-12 18:29 UTC,8769132568,10-я минута,,Team Liquid vs Natus Vincere,Победитель,Team Liquid,2,3000,проигрыш,-3000
43,2026-04-12 18:29 UTC,8769132568,10-я минута,,Team Liquid vs Natus Vincere,Тотал убийств,Больше 40,1.65,3000,выигрыш,1950
44,2026-04-12 19:39 UTC,8769210783,10-я минута,,Nemiga Gaming vs 1w Team,Тотал убийств,Больше 43,2,3000,выигрыш,3000
45,2026-04-12 19:49 UTC,8769245008,5-я минута,,Natus Vincere vs Team Liquid,Победитель,Team Liquid,1.65,3000,выигрыш,1950
46,2026-04-12 19:54 UTC,8769245008,10-я минута,,Natus Vincere vs Team Liquid,Победитель,Team Liquid,1.55,3000,выигрыш,1650
47,2026-04-13 08:18 UTC,8769721570,драфт (до игры),,REKONIX vs OG,Комбо-ставка,OG + Меньше 42.0,2.8,600,проигрыш,-600
48,2026-04-13 09:14 UTC,8769763171,драфт (до игры),,BetBoom Team vs Rune Eater,Длительность матча,Больше 39 мин,2.1,3000,выигрыш,3300
49,2026-04-13 09:20 UTC,8769763171,5-я минута,,BetBoom Team vs Rune Eater,Победитель,BetBoom Team,1.88,3000,выигрыш,2640
50,2026-04-13 09:20 UTC,8769763171,5-я минута,,BetBoom Team vs Rune Eater,Тотал убийств,Больше 42.5,1.75,3000,выигрыш,2250
51,2026-04-13 09:25 UTC,8769763171,10-я минута,,BetBoom Team vs Rune Eater,Тотал убийств,Больше 39.5,1.7,3000,выигрыш,2100
52,2026-04-13 09:34 UTC,8769779484,5-я минута,,OG vs REKONIX,Победитель,OG,1.9,3000,проигрыш,-3000
53,2026-04-13 09:39 UTC,8769779484,10-я минута,,OG vs REKONIX,Победитель,OG,1.85,3000,проигрыш,-3000
54,2026-04-13 10:30 UTC,8769828782,драфт (до игры),,Rune Eaters vs BetBoom Team,Комбо-ставка,BetBoom Team + Меньше 42.0,1.95,600,выигрыш,570
55,2026-04-13 10:41 UTC,8769828782,5-я минута,,Rune Eaters vs BetBoom Team,Победитель,BetBoom Team,1.9,3000,выигрыш,2700
56,2026-04-13 12:15 UTC,8769922066,драфт (до игры),,Team Nemesis vs Ivory,Комбо-ставка,Team Nemesis + Меньше 52.5,2.9,600,выигрыш,1140
57,2026-04-13 12:23 UTC,8769922066,5-я минута,,Team Nemesis vs Ivory,Победитель,Team Nemesis,1.58,3000,выигрыш,1740
58,2026-04-13 13:22 UTC,8769999753,5-я минута,,1w Team vs BetBoom Team,Победитель,BetBoom Team,3.2,3000,выигрыш,6600
59,2026-04-13 13:27 UTC,8769999753,10-я минута,,1w Team vs BetBoom Team,Победитель,BetBoom Team,3.2,3000,выигрыш,6600
60,2026-04-13 14:38 UTC,8770130252,5-я минута,,BetBoom Team vs 1w Team,Победитель,BetBoom Team,3.3,3000,выигрыш,6900
61,2026-04-13 14:39 UTC,8770119366,10-я минута,,Yellow Submarine vs Team Spirit Academy,Тотал убийств,Больше 60.5,1.92,3000,проигрыш,-3000
62,2026-04-13 14:43 UTC,8770130252,10-я минута,,BetBoom Team vs 1w Team,Победитель,BetBoom Team,3.6,3000,выигрыш,7800
63,2026-04-13 18:32 UTC,8770456297,драфт (до игры),,MOUZ vs Virtus.pro,Длительность матча,Больше 42 мин,2.35,3000,выигрыш,4050
64,2026-04-13 18:32 UTC,8770456297,драфт (до игры),,MOUZ vs Virtus.pro,Комбо-ставка,MOUZ + Меньше 52.5,3.8,600,проигрыш,-600
65,2026-04-13 20:57 UTC,8770616434,драфт (до игры),,Virtus.pro vs MOUZ,Комбо-ставка,MOUZ + Меньше 49.5,3.1,600,проигрыш,-600
66,2026-04-14 04:23 UTC,8770853808,5-я минута,,Team Nemesis vs REKONIX,Победитель,Team Nemesis,1.75,3000,проигрыш,-3000
67,2026-04-14 08:25 UTC,8770996605,драфт (до игры),,REKONIX vs Ivory,Комбо-ставка,REKONIX + Меньше 49.5,2.4,600,выигрыш,840
68,2026-04-14 10:15 UTC,8771090406,драфт (до игры),,Team Lynx vs Team Liquid,Комбо-ставка,Team Liquid + Меньше 49.5,7,600,выигрыш,3600
69,2026-04-14 10:54 UTC,8771122196,5-я минута,,Ivory vs REKONIX,Победитель,REKONIX,1.7,3000,выигрыш,2100
70,2026-04-14 11:06 UTC,8771139799,драфт (до игры),,Nemiga Gaming vs BetBoom Team,Комбо-ставка,BetBoom Team + Меньше 42.0,2.05,600,выигрыш,630
71,2026-04-14 11:31 UTC,8771159660,драфт (до игры),,Team Liquid vs Team Lynx,Комбо-ставка,Team Liquid + Меньше 42.0,6.3,600,выигрыш,3180
72,2026-04-14 12:03 UTC,8771187999,драфт (до игры),,Nemiga Gaming vs BetBoom Team,Длительность матча,Больше 40 мин,2.35,3000,проигрыш,-3000
73,2026-04-14 13:41 UTC,8771315035,5-я минута,,L1GA TEAM vs BetBoom Team,Победитель,BetBoom Team,1.35,3000,проигрыш,-3000
74,2026-04-14 14:24 UTC,8771377141,5-я минута,,MOUZ vs Team Liquid,Победитель,MOUZ,1.6,3000,выигрыш,1800
75,2026-04-14 14:45 UTC,8771417171,5-я минута,,BetBoom Team vs L1GA TEAM,Победитель,BetBoom Team,1.6,3000,выигрыш,1800
76,2026-04-14 14:51 UTC,8771417171,10-я минута,,BetBoom Team vs L1GA TEAM,Победитель,BetBoom Team,1.32,3000,выигрыш,960
77,2026-04-14 15:48 UTC,8771519532,драфт (до игры),,Team Liquid vs MOUZ,Длительность матча,Больше 40 мин,2.3,3000,проигрыш,-3000
78,2026-04-14 15:48 UTC,8771519532,драфт (до игры),,Team Liquid vs MOUZ,Комбо-ставка,Team Liquid + Больше 39.0,3.8,600,проигрыш,-600
79,2026-04-14 16:00 UTC,8771519532,10-я минута,,Team Liquid vs MOUZ,Победитель,Team Liquid,1.45,3000,выигрыш,1350
80,2026-04-14 16:59 UTC,8771613554,драфт (до игры),,Team Liquid vs MOUZ,Длительность матча,Больше 40 мин,2.3,3000,проигрыш,-3000
81,2026-04-14 18:37 UTC,8771740540,драфт (до игры),,Nemiga Gaming vs Rune Eater,Длительность матча,Больше 39 мин,2.3,3000,выигрыш,3900
82,2026-04-14 20:11 UTC,8771842603,5-я минута,,Rune Eaters vs Nemiga Gaming,Победитель,Rune Eaters,1.6,3000,проигрыш,-3000
83,2026-04-15 09:19 UTC,8772277447,5-я минута,,Team Lynx vs Yellow Submarine,Победитель,Yellow Submarine,1.75,3000,проигрыш,-3000
84,2026-04-15 10:34 UTC,8772345621,5-я минута,,Yellow Submarine vs Team Lynx,Победитель,Yellow Submarine,1.82,3000,проигрыш,-3000
85,2026-04-15 15:14 UTC,8772680011,драфт (до игры),,Nemiga Gaming vs Inner Circle x Insanity,Комбо-ставка,Inner Circle x Insanity + Меньше 42.0,4,600,проигрыш,-600
86,2026-04-16 15:19 UTC,8773886177,драфт (до игры),,Yellow Submarine vs Ilbirs Esport,Длительность матча,Больше 37 мин,2.15,3000,выигрыш,3450
87,2026-04-16 15:19 UTC,8773886177,драфт (до игры),,Yellow Submarine vs Ilbirs Esport,Комбо-ставка,Yellow Submarine + Меньше 50.5,2.8,600,проигрыш,-600
88,2026-04-16 16:26 UTC,8773980184,драфт (до игры),,Ilbirs Esports vs Yellow Submarine,Комбо-ставка,Yellow Submarine + Меньше 50.5,2.9,600,проигрыш,-600
89,2026-04-16 17:53 UTC,8774081139,драфт (до игры),,Yellow Submarine vs Ilbirs Esport,Комбо-ставка,Yellow Submarine + Меньше 42.0,2.4,600,проигрыш,-600
90,2026-04-18 07:14 UTC,8775954888,драфт (до игры),,Xtreme Gaming vs Natus Vincere,Комбо-ставка,Xtreme Gaming + Больше 44.5,3.3,600,выигрыш,1380
91,2026-04-18 07:15 UTC,8775954955,драфт (до игры),,Team Spirit vs Vici Gaming,Комбо-ставка,Team Spirit + Меньше 42.0,3.8,600,проигрыш,-600
92,2026-04-18 07:21 UTC,8775954888,5-я минута,,Xtreme Gaming vs Natus Vincere,Победитель,Xtreme Gaming,1.32,3000,выигрыш,960
93,2026-04-18 07:25 UTC,8775954888,10-я минута,,Xtreme Gaming vs Natus Vincere,Тотал убийств,Больше 44.5,1.9,3000,выигрыш,2700
94,2026-04-18 08:17 UTC,8776009613,драфт (до игры),,Vici Gaming vs Team Spirit,Комбо-ставка,Team Spirit + Меньше 42.0,3.4,600,проигрыш,-600
95,2026-04-18 08:23 UTC,8776009613,5-я минута,,Vici Gaming vs Team Spirit,Победитель,Team Spirit,1.88,3000,выигрыш,2640
96,2026-04-18 08:32 UTC,8776019262,5-я минута,,Xtreme Gaming vs Natus Vincere,Тотал убийств,Больше 44.5,1.68,3000,выигрыш,2040
97,2026-04-18 08:38 UTC,8776019262,10-я минута,,Xtreme Gaming vs Natus Vincere,Победитель,Xtreme Gaming,1.55,3000,выигрыш,1650
98,2026-04-18 09:32 UTC,8776077999,драфт (до игры),,GamerLegion vs Team Liquid,Комбо-ставка,Team Liquid + Меньше 49.5,2.4,600,проигрыш,-600
99,2026-04-18 09:45 UTC,8776094912,драфт (до игры),,Team Spirit vs Vici Gaming,Комбо-ставка,Team Spirit + Меньше 42.0,4.8,600,выигрыш,2280
100,2026-04-18 09:52 UTC,8776094912,5-я минута,,Team Spirit vs Vici Gaming,Победитель,Team Spirit,1.32,3000,выигрыш,960
101,2026-04-18 10:50 UTC,8776157596,драфт (до игры),,Team Liquid vs GamerLegion,Комбо-ставка,Team Liquid + Меньше 50.5,3.2,600,проигрыш,-600
102,2026-04-18 10:56 UTC,8776157596,5-я минута,,Team Liquid vs GamerLegion,Победитель,Team Liquid,2.05,3000,проигрыш,-3000
103,2026-04-18 12:03 UTC,8776236178,драфт (до игры),,GamerLegion vs Team Liquid,Комбо-ставка,Team Liquid + Меньше 42.0,2.2,600,проигрыш,-600
104,2026-04-18 12:10 UTC,8776236178,5-я минута,,GamerLegion vs Team Liquid,Победитель,Team Liquid,1.55,3000,выигрыш,1650
105,2026-04-18 12:14 UTC,8776236178,10-я минута,,GamerLegion vs Team Liquid,Победитель,Team Liquid,1.55,3000,выигрыш,1650
106,2026-04-18 13:25 UTC,8776345901,драфт (до игры),,PARIVISION vs MOUZ,Комбо-ставка,PARIVISION + Меньше 50.5,3.1,600,выигрыш,1260
107,2026-04-18 13:47 UTC,8776380784,драфт (до игры),,BetBoom Team vs Virtus.pro,Комбо-ставка,BetBoom Team + Меньше 42.0,3.1,600,выигрыш,1260
108,2026-04-18 13:54 UTC,8776392436,5-я минута,,Ilbirs Esports vs Nemiga Gaming,Победитель,Nemiga Gaming,1.22,3000,выигрыш,660
109,2026-04-18 13:58 UTC,8776380784,10-я минута,,BetBoom Team vs Virtus.pro,Победитель,BetBoom Team,1.65,3000,выигрыш,1950
110,2026-04-18 14:19 UTC,8776432038,драфт (до игры),,PARIVISION vs MOUZ,Длительность матча,Больше 40 мин,2.3,3000,выигрыш,3900
111,2026-04-18 14:31 UTC,8776432038,10-я минута,,PARIVISION vs MOUZ,Тотал убийств,Больше 47.5,1.9,3000,выигрыш,2700
112,2026-04-18 15:44 UTC,8776543835,10-я минута,,Team Falcons vs Team Yandex,Победитель,Team Falcons,2.15,3000,выигрыш,3450
113,2026-04-18 15:59 UTC,8776583882,драфт (до игры),,HEROIC vs Tundra Esport,Комбо-ставка,Tundra Esports + Меньше 49.5,2.4,600,проигрыш,-600
114,2026-04-18 16:11 UTC,8776583882,10-я минута,,HEROIC vs Tundra Esport,Победитель,HEROIC,2,3000,выигрыш,3000
115,2026-04-18 17:02 UTC,8776679266,драфт (до игры),,Tundra Esports vs HEROIC,Комбо-ставка,Tundra Esports + Меньше 49.5,2.3,600,проигрыш,-600
116,2026-04-18 17:07 UTC,8776664516,10-я минута,,Team Yandex vs Team Falcon,Победитель,Team Falcons,1.22,3000,выигрыш,660
117,2026-04-18 18:49 UTC,8776815882,5-я минута,,Tundra Esports vs HEROIC,Победитель,Tundra Esports,1.22,3000,проигрыш,-3000
118,2026-04-18 19:20 UTC,8776882933,драфт (до игры),,Team Lynx vs Nemiga Gaming,Длительность матча,Больше 39 мин,2.3,3000,выигрыш,3900
119,2026-04-18 19:27 UTC,8776882933,5-я минута,,Team Lynx vs Nemiga Gaming,Победитель,Nemiga Gaming,2.25,3000,выигрыш,3750
120,2026-04-18 19:32 UTC,8776882933,10-я минута,,Team Lynx vs Nemiga Gaming,Победитель,Nemiga Gaming,1.42,3000,выигрыш,1260
121,2026-04-19 07:21 UTC,8777432261,5-я минута,,Xtreme Gaming vs Aurora Gaming,Тотал убийств,Больше 45.5,1.98,3000,проигрыш,-3000
122,2026-04-19 07:27 UTC,8777432261,10-я минута,,Xtreme Gaming vs Aurora Gaming,Тотал убийств,Больше 45.5,2.05,3000,проигрыш,-3000
123,2026-04-19 07:28 UTC,8777439091,10-я минута,,Vici Gaming vs Natus Vincere,Тотал убийств,Больше 37.5,2.05,3000,проигрыш,-3000
124,2026-04-19 08:33 UTC,8777495739,10-я минута,,Aurora Gaming vs Xtreme Gaming,Тотал убийств,Больше 40.5,1.78,3000,выигрыш,2340
125,2026-04-19 09:12 UTC,8777554612,драфт (до игры),,Team Lynx vs 1w Team,Комбо-ставка,1w Team + Меньше 42.0,2.8,600,проигрыш,-600
126,2026-04-19 09:13 UTC,8777543866,5-я минута,,MODUS vs Ivory,Победитель,Ivory,1.9,3000,выигрыш,2700
127,2026-04-19 09:19 UTC,8777554612,5-я минута,,Team Lynx vs 1w Team,Победитель,1w Team,1.9,3000,проигрыш,-3000
128,2026-04-19 09:26 UTC,8777560892,5-я минута,,Xtreme Gaming vs Aurora Gaming,Победитель,Aurora Gaming,1.68,3000,выигрыш,2040
129,2026-04-19 09:31 UTC,8777560892,10-я минута,,Xtreme Gaming vs Aurora Gaming,Победитель,Aurora Gaming,2.5,3000,выигрыш,4500
130,2026-04-19 09:35 UTC,8777570720,5-я минута,,Vici Gaming vs Natus Vincere,Тотал убийств,Больше 42.5,1.8,3000,проигрыш,-3000
131,2026-04-19 09:39 UTC,8777570720,10-я минута,,Vici Gaming vs Natus Vincere,Победитель,Natus Vincere,1.85,3000,проигрыш,-3000
132,2026-04-19 09:39 UTC,8777570720,10-я минута,,Vici Gaming vs Natus Vincere,Тотал убийств,Больше 39.5,2,3000,проигрыш,-3000
133,2026-04-19 10:15 UTC,8777628944,драфт (до игры),,MODUS vs Ivory,Длительность матча,Больше 38 мин,2.3,3000,проигрыш,-3000
134,2026-04-19 10:36 UTC,8777630244,10-я минута,,Team Liquid vs BetBoom Team,Победитель,Team Liquid,1.8,3000,проигрыш,-3000
135,2026-04-19 10:42 UTC,8777652578,драфт (до игры),,GamerLegion vs MOUZ,Комбо-ставка,MOUZ + Меньше 49.5,3.2,600,проигрыш,-600
136,2026-04-19 11:14 UTC,8777683026,5-я минута,,MODUS vs Ivory,Тотал убийств,Больше 49.5,1.9,3000,выигрыш,2700
137,2026-04-19 11:19 UTC,8777683026,10-я минута,,MODUS vs Ivory,Тотал убийств,Больше 44.5,2,3000,выигрыш,3000
138,2026-04-19 11:31 UTC,8777714725,драфт (до игры),,BetBoom Team vs Team Liquid,Комбо-ставка,Team Liquid + Меньше 51.5,4,600,проигрыш,-600
139,2026-04-19 11:37 UTC,8777714725,5-я минута,,BetBoom Team vs Team Liquid,Победитель,Team Liquid,2,3000,проигрыш,-3000
140,2026-04-19 11:41 UTC,8777714725,10-я минута,,BetBoom Team vs Team Liquid,Победитель,Team Liquid,2.4,3000,проигрыш,-3000
141,2026-04-19 12:28 UTC,8777777604,5-я минута,,Team Lynx vs 1w Team,Победитель,1w Team,3.4,3000,выигрыш,7200
142,2026-04-19 12:33 UTC,8777777604,10-я минута,,Team Lynx vs 1w Team,Победитель,1w Team,4.2,3000,выигрыш,9600
143,2026-04-19 12:33 UTC,8777777604,10-я минута,,Team Lynx vs 1w Team,Тотал убийств,Больше 41.5,1.8,3000,выигрыш,2400
144,2026-04-19 12:46 UTC,8777800049,5-я минута,,Team Spirit vs Team Falcon,Победитель,Team Falcons,1.78,3000,проигрыш,-3000
145,2026-04-19 13:21 UTC,8777861135,10-я минута,,Nigma Galaxy vs Nemiga Gaming,Тотал убийств,Больше 53.5,1.98,3000,проигрыш,-3000
146,2026-04-19 15:02 UTC,8778048389,драфт (до игры),,Ivory vs 1w Team,Длительность матча,Больше 34 мин,2.35,3000,проигрыш,-3000
147,2026-04-19 15:12 UTC,8778045350,драфт (до игры),,Team Falcons vs Team Spirit,Комбо-ставка,Team Falcons + Меньше 49.5,3.1,600,проигрыш,-600
148,2026-04-19 15:23 UTC,8778045350,10-я минута,,Team Falcons vs Team Spirit,Победитель,Team Falcons,1.4,3000,выигрыш,1200
149,2026-04-19 15:34 UTC,8778074211,5-я минута,,Tundra Esports vs Virtus.pro,Победитель,Virtus.pro,2.15,3000,выигрыш,3450
150,2026-04-19 16:34 UTC,8778168822,5-я минута,,Virtus.pro vs Tundra Esport,Победитель,Tundra Esports,1.45,3000,выигрыш,1350
151,2026-04-19 17:32 UTC,8778254726,драфт (до игры),,PARIVISION vs HEROIC,Длительность матча,Больше 40 мин,2.3,3000,проигрыш,-3000
152,2026-04-19 17:32 UTC,8778254726,драфт (до игры),,PARIVISION vs HEROIC,Комбо-ставка,PARIVISION + Меньше 49.5,2.8,600,выигрыш,1080
153,2026-04-20 07:20 UTC,8778849866,драфт (до игры),,GamerLegion vs Team Spirit,Комбо-ставка,Team Spirit + Меньше 40.0,3.8,600,проигрыш,-600
154,2026-04-20 07:28 UTC,8778849893,10-я минута,,Team Liquid vs Vici Gaming,Победитель,Team Liquid,1.88,3000,проигрыш,-3000
155,2026-04-20 08:53 UTC,8778912772,драфт (до игры),,Vici Gaming vs Team Liquid,Комбо-ставка,Team Liquid + Меньше 42.0,4.4,600,выигрыш,2040
156,2026-04-20 09:06 UTC,8778912772,10-я минута,,Vici Gaming vs Team Liquid,Тотал убийств,Больше 45.5,2.05,3000,проигрыш,-3000
157,2026-04-20 09:09 UTC,8778926809,драфт (до игры),,Ivory vs Team Lynx,Длительность матча,Больше 39 мин,2.1,3000,выигрыш,3300
158,2026-04-20 09:18 UTC,8778926809,5-я минута,,Ivory vs Team Lynx,Тотал убийств,Больше 45.5,1.75,3000,выигрыш,2250
159,2026-04-20 09:23 UTC,8778928145,5-я минута,,Nigma Galaxy vs 1w Team,Тотал убийств,Больше 43.5,1.72,3000,проигрыш,-3000
160,2026-04-20 09:25 UTC,8778926809,10-я минута,,Ivory vs Team Lynx,Тотал убийств,Больше 43.5,2,3000,выигрыш,3000
161,2026-04-20 10:01 UTC,8778960929,драфт (до игры),,Team Liquid vs Vici Gaming,Комбо-ставка,Team Liquid + Меньше 42.0,3.2,600,выигрыш,1320
162,2026-04-20 10:07 UTC,8778960929,5-я минута,,Team Liquid vs Vici Gaming,Победитель,Team Liquid,1.48,3000,выигрыш,1440
163,2026-04-20 14:11 UTC,8779214847,5-я минута,,Team Yandex vs Natus Vincere,Тотал убийств,Больше 45.5,2.25,3000,проигрыш,-3000
164,2026-04-20 14:16 UTC,8779214847,10-я минута,,Team Yandex vs Natus Vincere,Тотал убийств,Больше 36.5,1.72,3000,проигрыш,-3000
165,2026-04-20 14:48 UTC,8779265864,10-я минута,,BetBoom Team vs Team Falcon,Победитель,BetBoom Team,1.95,3000,выигрыш,2850
166,2026-04-20 15:03 UTC,8779297009,5-я минута,,Natus Vincere vs Team Yandex,Победитель,Team Yandex,1.4,3000,проигрыш,-3000
167,2026-04-20 15:51 UTC,8779372774,драфт (до игры),,PARIVISION vs Aurora Gaming,Длительность матча,Больше 42 мин,2.2,3000,выигрыш,3600
168,2026-04-20 16:05 UTC,8779372774,10-я минута,,PARIVISION vs Aurora Gaming,Победитель,PARIVISION,1.78,3000,проигрыш,-3000
169,2026-04-20 16:08 UTC,8779396380,драфт (до игры),,Natus Vincere vs Team Yandex,Комбо-ставка,Team Yandex + Меньше 41.5,3.4,600,проигрыш,-600
170,2026-04-20 17:12 UTC,8779478244,драфт (до игры),,PARIVISION vs Aurora Gaming,Длительность матча,Больше 44 мин,2.35,3000,выигрыш,4050
171,2026-04-20 18:28 UTC,8779574003,драфт (до игры),,MOUZ vs Tundra Esport,Комбо-ставка,Tundra Esports + Меньше 42.0,2.5,600,проигрыш,-600
172,2026-04-20 19:56 UTC,8779658823,10-я минута,,MOUZ vs Tundra Esport,Победитель,Tundra Esports,1.78,3000,проигрыш,-3000
173,2026-04-21 08:21 UTC,8780111466,5-я минута,,Team Spirit vs Natus Vincere,Тотал убийств,Больше 48.5,1.9,3000,выигрыш,2700
174,2026-04-21 08:22 UTC,8780111494,5-я минута,,HEROIC vs Team Liquid,Победитель,Team Liquid,1.75,3000,выигрыш,2250
175,2026-04-21 08:25 UTC,8780111466,10-я минута,,Team Spirit vs Natus Vincere,Тотал убийств,Больше 50.5,1.95,3000,проигрыш,-3000
176,2026-04-21 09:11 UTC,8780147251,драфт (до игры),,Team Lynx vs MODUS,Комбо-ставка,Team Lynx + Больше 39.0,3.1,600,проигрыш,-600
177,2026-04-21 09:36 UTC,8780164509,5-я минута,,Natus Vincere vs Team Spirit,Победитель,Team Spirit,1.55,3000,выигрыш,1650
178,2026-04-21 09:41 UTC,8780164509,10-я минута,,Natus Vincere vs Team Spirit,Тотал убийств,Больше 49.5,1.92,3000,проигрыш,-3000
179,2026-04-21 10:14 UTC,8780201618,драфт (до игры),,MODUS vs Team Lynx,Комбо-ставка,Team Lynx + Меньше 45.5,2.7,600,проигрыш,-600
180,2026-04-21 10:19 UTC,8780206607,драфт (до игры),,Ivory vs Rune Eater,Длительность матча,Больше 32 мин,2.35,3000,проигрыш,-3000
181,2026-04-21 10:21 UTC,8780201618,5-я минута,,MODUS vs Team Lynx,Победитель,Team Lynx,1.52,3000,проигрыш,-3000
182,2026-04-21 10:41 UTC,8780212309,5-я минута,,Vici Gaming vs Xtreme Gaming,Тотал убийств,Больше 39.5,1.8,3000,проигрыш,-3000
183,2026-04-21 13:14 UTC,8780393201,драфт (до игры),,Team Lynx vs Nigma Galaxy,Длительность матча,Больше 39 мин,2.2,3000,проигрыш,-3000
184,2026-04-21 13:51 UTC,8780428772,5-я минута,,MOUZ vs Virtus.pro,Победитель,MOUZ,1.45,3000,выигрыш,1350
185,2026-04-21 14:38 UTC,8780497317,10-я минута,,1w Team vs MODUS,Тотал убийств,Больше 38.5,1.7,3000,проигрыш,-3000
186,2026-04-21 15:16 UTC,8780559893,5-я минута,,1w Team vs MODUS,Тотал убийств,Больше 45.5,1.92,3000,проигрыш,-3000
187,2026-04-21 16:36 UTC,8780664964,10-я минута,,L1GA TEAM vs Zero Tenacity,Тотал убийств,Больше 43.5,1.98,3000,проигрыш,-3000
188,2026-04-22 08:30 UTC,8781366014,драфт (до игры),,HEROIC vs GamerLegion,Тотал убийств,Больше 51.5,1.75,3000,выигрыш,2250
189,2026-04-22 12:45 UTC,8781585273,драфт (до игры),,MODUS vs Nigma Galaxy,Тотал убийств,Больше 48.5,1.85,3000,выигрыш,2550
190,2026-04-22 12:59 UTC,8781599917,драфт (до игры),,1w Team vs Rune Eater,Длительность матча,Больше 38 мин,2.3,3000,проигрыш,-3000
191,2026-04-22 13:00 UTC,8781584788,5-я минута,,Team Lynx vs Nemiga Gaming,Победитель,Nemiga Gaming,2.3,3000,выигрыш,3900
192,2026-04-22 13:00 UTC,8781585273,10-я минута,,MODUS vs Nigma Galaxy,Тотал убийств,Больше 43.5,2.1,3000,выигрыш,3300
193,2026-04-22 14:07 UTC,8781676071,10-я минута,,Nigma Galaxy vs MODUS,Тотал убийств,Больше 46.5,1.98,3000,выигрыш,2940
194,2026-04-22 14:15 UTC,8781705399,5-я минута,,Nemiga Gaming vs Team Lynx,Тотал убийств,Меньше 54.5,1.85,3000,выигрыш,2550
195,2026-04-23 11:17 UTC,8782704043,5-я минута,,MODUS vs Nemiga Gaming,Победитель,Nemiga Gaming,1.52,3000,выигрыш,1560
196,2026-04-23 11:23 UTC,8782704043,10-я минута,,MODUS vs Nemiga Gaming,Победитель,Nemiga Gaming,1.55,3000,выигрыш,1650
197,2026-04-24 13:53 UTC,8784176993,драфт (до игры),,Aurora Gaming vs PARIVISION,Комбо-ставка,PARIVISION + Меньше 42.0,2.5,600,выигрыш,900
198,2026-04-24 14:00 UTC,8784176993,5-я минута,,Aurora Gaming vs PARIVISION,Победитель,PARIVISION,1.52,3000,выигрыш,1560
199,2026-04-24 14:06 UTC,8784176993,10-я минута,,Aurora Gaming vs PARIVISION,Победитель,PARIVISION,1.4,3000,выигрыш,1200
200,2026-04-24 14:48 UTC,8784255815,драфт (до игры),,PARIVISION vs Aurora Gaming,Длительность матча,Больше 42 мин,2.35,3000,выигрыш,4050
201,2026-04-24 14:55 UTC,8784255815,5-я минута,,PARIVISION vs Aurora Gaming,Победитель,Aurora Gaming,1.45,3000,выигрыш,1350
202,2026-04-24 16:12 UTC,8784373796,5-я минута,,PARIVISION vs Aurora Gaming,Тотал убийств,Больше 42.5,1.78,3000,выигрыш,2340
203,2026-04-24 17:41 UTC,8784508335,5-я минута,,Team Liquid vs BetBoom Team,Победитель,Team Liquid,2.4,3000,выигрыш,4200
204,2026-04-24 17:46 UTC,8784508335,10-я минута,,Team Liquid vs BetBoom Team,Победитель,Team Liquid,2.15,3000,выигрыш,3450
205,2026-04-24 18:39 UTC,8784597508,драфт (до игры),,BetBoom Team vs Team Liquid,Длительность матча,Больше 42 мин,2.4,3000,выигрыш,4200
206,2026-04-24 18:45 UTC,8784597508,5-я минута,,BetBoom Team vs Team Liquid,Победитель,Team Liquid,1.98,3000,проигрыш,-3000
207,2026-04-24 18:50 UTC,8784597508,10-я минута,,BetBoom Team vs Team Liquid,Победитель,Team Liquid,1.52,3000,проигрыш,-3000
208,2026-04-24 19:51 UTC,8784700248,драфт (до игры),,Team Liquid vs BetBoom Team,Тотал убийств,Больше 51.5,1.75,3000,выигрыш,2250
209,2026-04-25 09:12 UTC,8785364031,драфт (до игры),,Zero Tenacity vs Nemiga Gaming,Длительность матча,Больше 41 мин,2.2,3000,выигрыш,3600
210,2026-04-25 10:47 UTC,8785455371,5-я минута,,Nemiga Gaming vs Zero Tenacity,Победитель,Zero Tenacity,1.82,3000,проигрыш,-3000
211,2026-04-25 16:33 UTC,8785918300,5-я минута,,Team Falcons vs Team Liquid,Победитель,Team Liquid,2.2,3000,проигрыш,-3000
212,2026-04-25 16:38 UTC,8785918300,10-я минута,,Team Falcons vs Team Liquid,Тотал убийств,Больше 52.5,1.88,3000,выигрыш,2640
213,2026-04-25 17:26 UTC,8785998445,драфт (до игры),,L1GA TEAM vs Nemiga Gaming,Длительность матча,Больше 43 мин,2.2,3000,проигрыш,-3000
214,2026-04-25 18:39 UTC,8786096203,10-я минута,,Nemiga Gaming vs L1GA TEAM,Тотал убийств,Больше 52.5,2,3000,выигрыш,3000
215,2026-04-25 19:50 UTC,8786190347,5-я минута,,L1GA TEAM vs Nemiga Gaming,Победитель,L1GA TEAM,1.62,3000,выигрыш,1860
216,2026-04-26 08:37 UTC,8786827560,драфт (до игры),,Team Falcons vs Aurora Gaming,Комбо-ставка,Aurora Gaming + Меньше 51.5,3.4,600,проигрыш,-600
217,2026-04-26 08:44 UTC,8786827560,5-я минута,,Team Falcons vs Aurora Gaming,Победитель,Aurora Gaming,1.3,3000,выигрыш,900
218,2026-04-26 08:48 UTC,8786827560,10-я минута,,Team Falcons vs Aurora Gaming,Победитель,Aurora Gaming,1.15,3000,выигрыш,450
219,2026-04-26 09:07 UTC,8786866910,5-я минута,,Rune Eaters vs Team Lynx,Тотал убийств,Меньше 49.5,1.72,3000,проигрыш,-3000
220,2026-04-26 09:08 UTC,8786866910,драфт (до игры),,Rune Eaters vs Team Lynx,Комбо-ставка,Team Lynx + Меньше 49.5,3.5,600,проигрыш,-600
221,2026-04-26 10:38 UTC,8786958322,10-я минута,,Team Lynx vs Rune Eater,Тотал убийств,Больше 47.5,1.92,3000,выигрыш,2760
222,2026-04-26 12:00 UTC,8787054928,10-я минута,,BetBoom Team vs Aurora Gaming,Победитель,BetBoom Team,1.32,3000,выигрыш,960
223,2026-04-26 13:27 UTC,8787185127,10-я минута,,Aurora Gaming vs BetBoom Team,Победитель,BetBoom Team,1.6,3000,выигрыш,1800
224,2026-04-26 17:08 UTC,8787553356,драфт (до игры),,Zero Tenacity vs Nigma Galaxy,Длительность матча,Больше 40 мин,2.4,3000,проигрыш,-3000
225,2026-04-26 18:20 UTC,8787657152,драфт (до игры),,Nigma Galaxy vs Zero Tenacity,Длительность матча,Больше 40 мин,2.3,3000,проигрыш,-3000
226,2026-05-02 09:15 UTC,8794701587,5-я минута,,Zero Tenacity vs L1GA TEAM,Тотал убийств,Меньше 50.5,1.85,3000,выигрыш,2550
227,2026-05-02 12:14 UTC,8794891693,драфт (до игры),,Nemiga Gaming vs 1w Team,Тотал убийств,Больше 53.5,1.98,3000,выигрыш,2940
228,2026-05-02 13:50 UTC,8795015975,драфт (до игры),,Yakult Brothers vs Vici Gaming,Тотал убийств,Больше 37.5,1.55,3000,выигрыш,1650
229,2026-05-03 07:47 UTC,8796002560,драфт (до игры),,Vici Gaming vs Xtreme Gaming,Тотал убийств,Больше 43.5,1.85,3000,выигрыш,2550
230,2026-05-03 08:45 UTC,8796079102,драфт (до игры),,Vici Gaming vs Xtreme Gaming,Тотал убийств,Больше 41.5,1.58,3000,выигрыш,1740
231,2026-05-03 19:05 UTC,8796840419,драфт (до игры),,Yellow Submarine vs MOUZ,Тотал убийств,Больше 50.5,1.65,3000,выигрыш,1950
232,2026-05-04 12:30 UTC,8797481944,5-я минута,,REKONIX vs Zero Tenacity,Тотал убийств,Меньше 48.5,1.85,3000,проигрыш,-3000
233,2026-05-05 12:14 UTC,8798846842,5-я минута,,Yellow Submarine vs Nemiga Gaming,Тотал убийств,Меньше 52.5,1.95,3000,выигрыш,2850
234,2026-05-05 21:26 UTC,8799205642,драфт (до игры),,1w Team vs MOUZ,Тотал убийств,Больше 53.5,1.65,3000,проигрыш,-3000
235,2026-05-06 03:52 UTC,8799432002,драфт (до игры),,Team Nemesis vs L1GA TEAM,Тотал убийств,Больше 54.5,1.75,3000,выигрыш,2250
236,2026-05-06 14:11 UTC,8799969151,драфт (до игры),,Yellow Submarine vs 1w Team,Тотал убийств,Больше 52.5,1.7,3000,выигрыш,2100
237,2026-05-08 20:43 UTC,8803167635,5-я минута,,L1GA TEAM vs PARIVISION,Тотал убийств,Меньше 50.5,1.58,3000,выигрыш,1740
238,2026-05-10 15:30 UTC,8805689416,5-я минута,,MODUS vs Inner Circle x Insanity,Тотал убийств,Больше 38,1.55,3000,выигрыш,1650
239,2026-05-11 13:48 UTC,8806912120,5-я минута,,Team Lynx vs Two Move,Тотал убийств,Меньше 61.5,1.62,3000,проигрыш,-3000
240,2026-05-11 15:23 UTC,8807061841,5-я минута,,PARIVISION vs 1w Team,Тотал убийств,Меньше 48.5,1.65,3000,выигрыш,1950
241,2026-05-11 17:30 UTC,8807232081,5-я минута,,PARIVISION vs 1w Team,Тотал убийств,Меньше 46.5,1.6,3000,выигрыш,1800
242,2026-05-12 14:23 UTC,8808201333,5-я минута,,_PowerRangers vs Two Move,Тотал убийств,Больше 45.5,1.65,3000,выигрыш,1950
243,2026-05-13 11:54 UTC,8809242493,5-я минута,,Team Falcons vs Virtus.pro,Тотал убийств,Меньше 49.5,1.62,3000,проигрыш,-3000
244,2026-05-13 11:57 UTC,8809244962,5-я минута,,Team Spirit vs Vici Gaming,Тотал убийств,Больше 41.5,1.6,3000,выигрыш,1800
245,2026-05-13 13:40 UTC,8809373469,драфт (до игры),,REKONIX vs BetBoom Team,Тотал убийств,Больше 46.5,1.68,3000,проигрыш,-3000
246,2026-05-13 13:47 UTC,8809373469,5-я минута,,REKONIX vs BetBoom Team,Тотал убийств,Больше 43.5,1.6,3000,проигрыш,-3000
247,2026-05-13 13:55 UTC,8809385333,5-я минута,,Nigma Galaxy vs Natus Vincere,Тотал убийств,Меньше 53.5,1.58,3000,проигрыш,-3000
248,2026-05-13 14:10 UTC,8809412954,драфт (до игры),,PARIVISION vs Tundra Esport,Тотал убийств,Больше 45.5,1.62,3000,проигрыш,-3000
249,2026-05-13 14:16 UTC,8809412954,5-я минута,,PARIVISION vs Tundra Esport,Тотал убийств,Больше 45.5,1.62,3000,проигрыш,-3000
250,2026-05-13 14:23 UTC,8809425113,5-я минута,,Team Falcons vs Virtus.pro,Тотал убийств,Меньше 57.5,1.72,3000,выигрыш,2160
251,2026-05-13 15:05 UTC,8809490207,5-я минута,,Nigma Galaxy vs Natus Vincere,Тотал убийств,Меньше 55.5,1.68,3000,выигрыш,2040
252,2026-05-13 16:33 UTC,8809600367,5-я минута,,PARIVISION vs Tundra Esport,Тотал убийств,Меньше 52.5,1.65,3000,проигрыш,-3000
253,2026-05-13 16:49 UTC,8809634682,драфт (до игры),,Xtreme Gaming vs PlayTime,Тотал убийств,Больше 50.5,1.68,3000,проигрыш,-3000
254,2026-05-13 17:11 UTC,8809655926,драфт (до игры),,Vici Gaming vs GamerLegion,Тотал убийств,Больше 42.5,1.65,3000,проигрыш,-3000
255,2026-05-13 17:16 UTC,8809656567,5-я минута,,Aurora Gaming vs Team Falcon,Тотал убийств,Меньше 55.5,1.65,3000,проигрыш,-3000
256,2026-05-13 17:57 UTC,8809696561,5-я минута,,Team Liquid vs Team Spirit,Тотал убийств,Меньше 57.5,1.68,3000,проигрыш,-3000
257,2026-05-13 18:14 UTC,8809726019,драфт (до игры),,GamerLegion vs Vici Gaming,Тотал убийств,Больше 44.5,1.62,3000,выигрыш,1860
258,2026-05-13 18:21 UTC,8809726019,5-я минута,,GamerLegion vs Vici Gaming,Тотал убийств,Больше 46.5,1.62,3000,выигрыш,1860
259,2026-05-13 18:41 UTC,8809747666,5-я минута,,Team Falcons vs Aurora Gaming,Тотал убийств,Меньше 58.5,1.65,3000,проигрыш,-3000
260,2026-05-13 19:15 UTC,8809797141,драфт (до игры),,Virtus.pro vs ex-HEROIC,Тотал убийств,Больше 50.5,1.65,3000,выигрыш,1950
261,2026-05-13 20:55 UTC,8809888784,5-я минута,,Team Liquid vs Team Spirit,Тотал убийств,Меньше 54.5,1.65,3000,проигрыш,-3000
262,2026-05-14 10:09 UTC,8810373970,драфт (до игры),,REKONIX vs Natus Vincere,Тотал убийств,Больше 39.5,1.58,3000,выигрыш,1740
263,2026-05-14 10:16 UTC,8810373970,5-я минута,,REKONIX vs Natus Vincere,Тотал убийств,Больше 36.5,1.58,3000,выигрыш,1740
264,2026-05-14 11:13 UTC,8810429061,драфт (до игры),,PARIVISION vs BetBoom Team,Тотал убийств,Больше 46.5,1.62,3000,выигрыш,1860
265,2026-05-14 11:25 UTC,8810441572,драфт (до игры),,REKONIX vs Natus Vincere,Тотал убийств,Больше 42.5,1.6,3000,выигрыш,1800
266,2026-05-14 11:42 UTC,8810452708,5-я минута,,Tundra Esports vs Xtreme Gaming,Тотал убийств,Меньше 55.5,1.68,3000,проигрыш,-3000
267,2026-05-14 12:34 UTC,8810508497,5-я минута,,REKONIX vs Natus Vincere,Тотал убийств,Меньше 56.5,1.6,3000,проигрыш,-3000
268,2026-05-14 13:47 UTC,8810600432,5-я минута,,Team Spirit vs Aurora Gaming,Тотал убийств,Меньше 55.5,1.72,3000,выигрыш,2160
269,2026-05-14 15:14 UTC,8810741766,драфт (до игры),,Virtus.pro vs Vici Gaming,Тотал убийств,Больше 44.5,1.55,3000,проигрыш,-3000
270,2026-05-14 17:10 UTC,8810894235,драфт (до игры),,PARIVISION vs Xtreme Gaming,Тотал убийств,Больше 41.5,1.6,3000,проигрыш,-3000
271,2026-05-14 17:11 UTC,8810894092,драфт (до игры),,Natus Vincere vs BetBoom Team,Тотал убийств,Больше 47.5,1.65,3000,выигрыш,1950
272,2026-05-14 17:18 UTC,8810894235,5-я минута,,PARIVISION vs Xtreme Gaming,Тотал убийств,Больше 41.5,1.62,3000,проигрыш,-3000
273,2026-05-14 18:27 UTC,8810990695,драфт (до игры),,BetBoom Team vs Natus Vincere,Тотал убийств,Больше 46.5,1.62,3000,выигрыш,1860
274,2026-05-14 18:28 UTC,8810989536,драфт (до игры),,PARIVISION vs Xtreme Gaming,Тотал убийств,Больше 43.5,1.62,3000,выигрыш,1860
275,2026-05-14 18:33 UTC,8810990695,5-я минута,,BetBoom Team vs Natus Vincere,Тотал убийств,Больше 42.5,1.6,3000,выигрыш,1800
276,2026-05-14 18:34 UTC,8810989536,5-я минута,,PARIVISION vs Xtreme Gaming,Тотал убийств,Больше 40.5,1.6,3000,выигрыш,1800
277,2026-05-14 18:38 UTC,8810991986,5-я минута,,Nigma Galaxy vs Tundra Esport,Тотал убийств,Меньше 63.5,1.65,3000,проигрыш,-3000
278,2026-05-14 19:54 UTC,8811075585,5-я минута,,Tundra Esports vs Nigma Galaxy,Тотал убийств,Меньше 66.5,1.6,3000,проигрыш,-3000
279,2026-05-14 20:05 UTC,8811095968,драфт (до игры),,PARIVISION vs Xtreme Gaming,Тотал убийств,Больше 45.5,1.62,3000,выигрыш,1860
280,2026-05-14 20:12 UTC,8811095968,5-я минута,,PARIVISION vs Xtreme Gaming,Тотал убийств,Больше 43.5,1.6,3000,выигрыш,1800
281,2026-05-15 10:17 UTC,8811618995,5-я минута,,Vici Gaming vs Team Falcon,Тотал убийств,Меньше 60.5,1.62,3000,выигрыш,1860
282,2026-05-15 10:20 UTC,8811620119,5-я минута,,Aurora Gaming vs ex-HEROIC,Тотал убийств,Меньше 57.5,1.65,3000,выигрыш,1950
283,2026-05-15 11:31 UTC,8811680490,5-я минута,,ex-HEROIC vs Aurora Gaming,Тотал убийств,Меньше 58.5,1.72,3000,проигрыш,-3000
284,2026-05-15 11:31 UTC,8811683230,5-я минута,,Virtus.pro vs Team Liquid,Тотал убийств,Меньше 57.5,1.65,3000,выигрыш,1950
285,2026-05-15 13:43 UTC,8811845697,драфт (до игры),,BetBoom Team vs PlayTime,Тотал убийств,Больше 48.5,1.65,3000,выигрыш,1950
286,2026-05-15 13:48 UTC,8811839782,5-я минута,,Tundra Esports vs REKONIX,Тотал убийств,Меньше 58.5,1.65,3000,проигрыш,-3000
287,2026-05-15 13:48 UTC,8811838021,5-я минута,,Nigma Galaxy vs Xtreme Gaming,Тотал убийств,Меньше 52.5,1.65,3000,выигрыш,1950
288,2026-05-15 17:15 UTC,8812138585,5-я минута,,Team Spirit vs Virtus.pro,Тотал убийств,Меньше 54.5,1.62,3000,проигрыш,-3000
289,2026-05-15 17:17 UTC,8812138635,5-я минута,,Team Falcons vs Team Liquid,Тотал убийств,Меньше 55.5,1.7,3000,проигрыш,-3000
290,2026-05-15 17:31 UTC,8812155277,5-я минута,,Aurora Gaming vs GamerLegion,Тотал убийств,Меньше 58.5,1.65,3000,проигрыш,-3000
291,2026-05-15 18:32 UTC,8812233361,5-я минута,,Virtus.pro vs Team Spirit,Тотал убийств,Меньше 51.5,1.65,3000,проигрыш,-3000
292,2026-05-15 18:58 UTC,8812258249,5-я минута,,Team Falcons vs Team Liquid,Тотал убийств,Меньше 60.5,1.65,3000,выигрыш,1950
293,2026-05-16 11:16 UTC,8813059358,драфт (до игры),,REKONIX vs Xtreme Gaming,Тотал убийств,Больше 46.5,1.62,3000,выигрыш,1860
294,2026-05-16 17:52 UTC,8813604844,драфт (до игры),,PARIVISION vs PlayTime,Тотал убийств,Больше 49.5,1.65,3000,выигрыш,1950
295,2026-05-16 18:29 UTC,8813653439,драфт (до игры),,BetBoom Team vs Xtreme Gaming,Тотал убийств,Больше 46.5,1.62,3000,выигрыш,1860
296,2026-05-16 20:08 UTC,8813775647,драфт (до игры),,Xtreme Gaming vs BetBoom Team,Тотал убийств,Больше 46.5,1.62,3000,проигрыш,-3000
297,2026-05-17 13:40 UTC,8814748706,драфт (до игры),,PARIVISION vs REKONIX,Тотал убийств,Больше 46.5,1.62,3000,выигрыш,1860
298,2026-05-17 14:12 UTC,8814800807,драфт (до игры),,Xtreme Gaming vs Natus Vincere,Тотал убийств,Больше 47.5,1.62,3000,выигрыш,1860
299,2026-05-21 10:26 UTC,8819416362,15-я минута,,Natus Vincere vs PlayTime,Тотал убийств,Больше 61.5,1.84,2600,выигрыш,2184
300,2026-05-21 11:53 UTC,8819488294,15-я минута,,PlayTime vs Natus Vincere,Тотал убийств,Меньше 47.5,1.74,3800,проигрыш,-3800
301,2026-05-21 14:23 UTC,8819659855,15-я минута,,Team Falcons vs PARIVISION,Тотал убийств,Меньше 52.5,1.84,3800,выигрыш,3192
302,2026-05-23 17:36 UTC,8822520406,15-я минута,,Aurora Gaming vs Team Falcon,Тотал убийств,Меньше 45.5,1.86,2700,выигрыш,2322
303,2026-05-23 18:32 UTC,8822593932,15-я минута,,Team Falcons vs Aurora Gaming,Тотал убийств,Меньше 40.5,1.8,3700,проигрыш,-3700
304,2026-05-26 09:38 UTC,8826042346,15-я минута,,BB vs LGD Gaming,Тотал убийств,Меньше 41.5,1.84,3500,выигрыш,2940
305,2026-05-26 11:07 UTC,8826099852,15-я минута,,Aurora Gaming vs Tundra Esport,Тотал убийств,Больше 66.5,1.8,3500,выигрыш,2800
306,2026-05-26 11:07 UTC,8826099852,15-я минута,,Aurora Gaming vs Tundra Esport,Тотал убийств,Больше 67.5,1.98,3500,выигрыш,3430
307,2026-05-26 12:01 UTC,8826168772,15-я минута,,Team Falcons vs OG,Тотал убийств,Больше 36.5,1.8,3500,выигрыш,2800
308,2026-05-26 13:22 UTC,8826268112,15-я минута,,Aurora Gaming vs BB,Тотал убийств,Меньше 49.5,1.8,2700,выигрыш,2160
309,2026-05-27 09:54 UTC,8827351366,15-я минута,,OG vs Team Yandex,Тотал убийств,Больше 39.5,1.77,4200,проигрыш,-4200
310,2026-05-27 12:23 UTC,8827492535,15-я минута,,Xtreme Gaming vs Team Yandex,Тотал убийств,Меньше 52.5,1.82,3800,выигрыш,3116
311,2026-05-27 17:11 UTC,8827888041,15-я минута,,Xtreme Gaming vs Tundra Esport,Тотал убийств,Больше 57.5,1.74,1200,проигрыш,-1200
312,2026-05-28 08:29 UTC,8828557643,15-я минута,,OG vs BB,Тотал убийств,Больше 43.5,1.86,3900,проигрыш,-3900
313,2026-05-28 10:43 UTC,8828662524,15-я минута,,Aurora Gaming vs Team Liquid,Тотал убийств,Меньше 52.5,1.81,3800,выигрыш,3078
314,2026-05-28 10:57 UTC,8828679235,15-я минута,,BB vs Xtreme Gaming,Тотал убийств,Больше 42.5,1.81,3800,проигрыш,-3800
315,2026-05-28 11:51 UTC,8828731237,15-я минута,,PARIVISION vs LGD Gaming,Тотал убийств,Меньше 48.5,1.84,3700,проигрыш,-3700
316,2026-05-28 14:17 UTC,8828912690,15-я минута,,Tundra Esports vs Team Falcon,Тотал убийств,Меньше 53.5,1.9,3500,выигрыш,3150
317,2026-05-28 16:11 UTC,8829074990,15-я минута,,PARIVISION vs Aurora Gaming,Тотал убийств,Больше 58.5,1.84,2500,проигрыш,-2500
318,2026-05-29 08:29 UTC,8829839456,15-я минута,,Tundra Esports vs BB,Тотал убийств,Меньше 45.5,1.81,2900,выигрыш,2349
319,2026-05-29 16:58 UTC,8830423116,15-я минута,,BB vs GLYPH,Тотал убийств,Больше 39.5,1.83,3600,выигрыш,2988
320,2026-05-30 12:32 UTC,8831470350,15-я минута,,Aurora Gaming vs Tundra Esport,Тотал убийств,Больше 62.5,1.84,3700,выигрыш,3108
321,2026-06-01 15:46 UTC,8834573464,15-я минута,,Team Lynx vs Zero Tenacity,Тотал убийств,Меньше 48.5,1.93,5000,выигрыш,4650
322,2026-06-01 18:45 UTC,8834794786,15-я минута,,enjoy vs Rune Eater,Тотал убийств,Больше 38.5,1.69,5000,выигрыш,3450
323,2026-06-02 09:30 UTC,8835373075,15-я минута,,Two Move vs MODUS,Тотал убийств,Меньше 47.5,1.73,5400,проигрыш,-5400
324,2026-06-02 10:35 UTC,8835428935,15-я минута,,LGD Gaming vs Natus Vincere,Тотал убийств,Меньше 48.5,1.83,5000,выигрыш,4150
325,2026-06-02 11:40 UTC,8835490699,15-я минута,,Natus Vincere vs LGD Gaming,Тотал убийств,Больше 52.5,1.8,5300,выигрыш,4240
326,2026-06-03 01:24 UTC,8836358188,драфт (до игры),,Team Nemesis vs Red Hot Chili Pibble,Тотал убийств,Больше 35.5,1.62,5600,выигрыш,3472
327,2026-06-03 02:29 UTC,8836393663,драфт (до игры),,Team Nemesis vs Red Hot Chili Pibble,Тотал убийств,Больше 41.5,1.75,5700,выигрыш,4275
328,2026-06-03 12:18 UTC,8836793131,драфт (до игры),,REKONIX vs GLYPH,Тотал убийств,Больше 46.5,1.7,2600,выигрыш,1820
329,2026-06-05 11:05 UTC,8839206225,15-я минута,,REKONIX vs GLYPH,Тотал убийств,Больше 35.5,1.79,6000,выигрыш,4740
330,2026-06-07 09:34 UTC,8842052142,15-я минута,,LGD Gaming vs BB,Тотал убийств,Меньше 50.5,1.89,6300,выигрыш,5607
331,2026-06-07 10:45 UTC,8842134886,15-я минута,,BB vs LGD Gaming,Тотал убийств,Меньше 50.5,1.8,4700,проигрыш,-4700
332,2026-06-07 12:16 UTC,8842245726,15-я минута,,BB vs LGD Gaming,Тотал убийств,Меньше 43.5,1.77,6300,проигрыш,-6300
333,2026-06-15 22:14 UTC,8853573979,15-я минута,,Red Hot Chili Pibble vs Amaru Gaming,Тотал убийств,Больше 44.5,1.74,6000,проигрыш,-6000
334,2026-06-17 21:17 UTC,8855968667,15-я минута,,PlayTime vs Team Nemesi,Тотал убийств,Меньше 37.5,1.8,5700,проигрыш,-5700
335,2026-06-19 04:21 UTC,8857465914,15-я минута,,Amaru Gaming vs Team Nemesi,Тотал убийств,Меньше 56.5,1.81,5400,проигрыш,-5400
336,2026-06-19 05:58 UTC,8857522406,15-я минута,,Amaru Gaming vs Team Nemesi,Тотал убийств,Меньше 54.5,1.83,5100,выигрыш,4233
337,2026-06-21 09:29 UTC,8860410652,драфт (до игры),,Team Spirit vs VP.Prodigy,Тотал убийств,Больше 46.5,1.67,1600,выигрыш,1072
338,2026-06-21 09:46 UTC,8860410652,15-я минута,,Team Spirit vs VP.Prodigy,Тотал убийств,Больше 50.5,1.75,5400,проигрыш,-5400
339,2026-06-21 10:44 UTC,8860454696,15-я минута,,GLYPH vs OG,Тотал убийств,Больше 38.5,1.71,5100,проигрыш,-5100
340,2026-06-22 08:23 UTC,8861689034,драфт (до игры),,GLYPH vs TEAM GRIND,Тотал убийств,Больше 44.5,1.68,1900,проигрыш,-1900
341,2026-06-22 08:40 UTC,8861689034,15-я минута,,GLYPH vs TEAM GRIND,Тотал убийств,Больше 36.5,1.69,4900,проигрыш,-4900
342,2026-06-22 09:53 UTC,8861740474,15-я минута,,REKONIX vs OG,Тотал убийств,Больше 40.5,1.73,4500,выигрыш,3285
343,2026-06-22 14:22 UTC,8862032169,15-я минута,,Execration vs TEAM GRIND,Тотал убийств,Больше 44.5,1.81,4700,выигрыш,3807
344,2026-06-23 11:42 UTC,8863091025,драфт (до игры),,OG vs TEAM GRIND,Тотал убийств,Больше 49.5,1.74,2000,выигрыш,1480
345,2026-06-23 18:45 UTC,8863619325,15-я минута,,Nigma Galaxy vs Natus Vincere,Тотал убийств,Меньше 53.5,1.84,5000,выигрыш,4200
346,2026-06-24 14:11 UTC,8864540587,15-я минута,,Yellow Submarine vs Virtus.pro,Тотал убийств,Больше 40.5,1.74,5200,выигрыш,3848
347,2026-06-24 17:40 UTC,8864836417,15-я минута,,TEAM VISION vs _PowerRanger,Тотал убийств,Больше 45.5,1.7,5400,выигрыш,3780
348,2026-06-27 11:31 UTC,8868891396,15-я минута,,Natus Vincere vs HULIGANI,Тотал убийств,Больше 42.5,1.8,5600,выигрыш,4480
349,2026-06-28 16:47 UTC,8871409188,15-я минута,,Yellow Submarine vs Nigma Galaxy,Тотал убийств,Больше 55.5,1.83,5600,проигрыш,-5600
350,2026-06-28 17:53 UTC,8871520485,15-я минута,,Nigma Galaxy vs Yellow Submarine,Тотал убийств,Меньше 54.5,1.92,5500,проигрыш,-5500
351,2026-07-07 10:14 UTC,8885195986,15-я минута,,Rune Eaters vs Xtreme Gaming,Тотал убийств,Больше 44.5,1.82,5000,выигрыш,4100
352,2026-07-07 12:07 UTC,8885275216,драфт (до игры),,Xtreme Gaming vs Rune Eater,Тотал убийств,Больше 46.5,1.73,4100,выигрыш,2993
353,2026-07-07 12:47 UTC,8885365825,10-я минута,,Nigma Galaxy vs L1 TEAM,Тотал убийств,Больше 37.5,1.84,5400,проигрыш,-5400
354,2026-07-07 12:53 UTC,8885365825,15-я минута,,Nigma Galaxy vs L1 TEAM,Тотал убийств,Больше 40.5,1.82,5400,проигрыш,-5400
355,2026-07-07 14:23 UTC,8885529711,драфт (до игры),,Level UP esports vs Aurora Gaming,Тотал убийств,Больше 45.5,1.73,2800,проигрыш,-2800
356,2026-07-07 14:35 UTC,8885529711,10-я минута,,Level UP esports vs Aurora Gaming,Тотал убийств,Больше 44.5,1.89,4800,проигрыш,-4800
357,2026-07-07 15:49 UTC,8885633666,15-я минута,,MOUZ vs Team Spirit,Тотал убийств,Больше 59.5,1.8,2600,выигрыш,2080
358,2026-07-07 18:05 UTC,8885859920,драфт (до игры),,LGD Gaming vs Virtus.pro,Тотал убийств,Больше 47.5,1.8,4500,выигрыш,3600
359,2026-07-07 18:16 UTC,8885859920,10-я минута,,LGD Gaming vs Virtus.pro,Тотал убийств,Больше 41.5,1.8,4500,выигрыш,3600
360,2026-07-07 19:15 UTC,8885928262,10-я минута,,OG vs Team Yandex,Тотал убийств,Больше 35.5,1.8,4200,проигрыш,-4200
361,2026-07-07 20:08 UTC,8886013461,10-я минута,,LGD Gaming vs Virtus.pro,Тотал убийств,Больше 46.5,1.83,4700,выигрыш,3901
362,2026-07-07 20:15 UTC,8886005043,10-я минута,,Team Yandex vs OG,Тотал убийств,Больше 36.5,1.8,4700,выигрыш,3760
363,2026-07-08 10:51 UTC,8886640910,10-я минута,,Rune Eaters vs Team Falcon,Тотал убийств,Больше 55.5,1.88,4100,проигрыш,-4100
364,2026-07-08 12:26 UTC,8886736772,15-я минута,,Level UP esports vs Team Liquid,Тотал убийств,Больше 51.5,1.78,4900,выигрыш,3822
365,2026-07-08 14:55 UTC,8886971456,15-я минута,,MOUZ vs REKONIX,Тотал убийств,Больше 47.5,1.88,5100,выигрыш,4488
366,2026-07-08 16:07 UTC,8887075626,15-я минута,,MOUZ vs REKONIX,Тотал убийств,Больше 63.5,1.84,5300,выигрыш,4452
367,2026-07-08 16:14 UTC,8887114313,драфт (до игры),,Team Nemesis vs Team Spirit,Тотал убийств,Больше 46.5,1.78,2300,выигрыш,1794
368,2026-07-08 16:27 UTC,8887114313,10-я минута,,Team Nemesis vs Team Spirit,Тотал убийств,Больше 52.5,1.85,5300,выигрыш,4505
369,2026-07-08 16:31 UTC,8887114313,15-я минута,,Team Nemesis vs Team Spirit,Тотал убийств,Больше 54.5,1.76,5300,выигрыш,4028
370,2026-07-08 17:44 UTC,8887218598,15-я минута,,OG vs LGD Gaming,Тотал убийств,Меньше 43.5,1.81,6000,выигрыш,4860
371,2026-07-08 17:58 UTC,8887260104,драфт (до игры),,Team Yandex vs Inner Circle x Insanity,Тотал убийств,Больше 44.5,1.74,4500,проигрыш,-4500
372,2026-07-08 18:10 UTC,8887260104,10-я минута,,Team Yandex vs Inner Circle x Insanity,Тотал убийств,Больше 57.5,1.8,6000,проигрыш,-6000
373,2026-07-08 18:16 UTC,8887260104,15-я минута,,Team Yandex vs Inner Circle x Insanity,Тотал убийств,Больше 54.5,1.78,6000,проигрыш,-6000
374,2026-07-08 18:59 UTC,8887337672,драфт (до игры),,Team Yandex vs Inner Circle x Insanity,Тотал убийств,Больше 42.5,1.74,3100,проигрыш,-3100
375,2026-07-08 19:03 UTC,8887325211,10-я минута,,Virtus.pro vs 1w,Тотал убийств,Больше 51.5,1.9,4300,выигрыш,3870
376,2026-07-08 19:07 UTC,8887325211,15-я минута,,Virtus.pro vs 1w,Тотал убийств,Больше 56.5,1.88,4800,выигрыш,4224
377,2026-07-08 19:13 UTC,8887337672,10-я минута,,Team Yandex vs Inner Circle x Insanity,Тотал убийств,Больше 39.5,1.82,5400,выигрыш,4428
378,2026-07-08 19:18 UTC,8887337672,15-я минута,,Team Yandex vs Inner Circle x Insanity,Тотал убийств,Больше 41.5,1.8,5400,проигрыш,-5400
379,2026-07-08 20:32 UTC,8887432754,10-я минута,,1w vs Virtus.pro,Тотал убийств,Больше 41.5,1.86,5600,проигрыш,-5600
380,2026-07-09 09:33 UTC,8887986392,10-я минута,,_PowerRangers vs Xtreme Gaming,Тотал убийств,Больше 45.5,1.87,4400,выигрыш,3828
381,2026-07-09 11:23 UTC,8888083694,10-я минута,,Team Falcons vs GamerLegion,Тотал убийств,Больше 37.5,1.84,4100,выигрыш,3444
382,2026-07-09 13:04 UTC,8888217771,10-я минута,,Team Liquid vs Nigma Galaxy,Тотал убийств,Больше 46.5,1.81,3400,выигрыш,2754
383,2026-07-09 15:54 UTC,8888489297,10-я минута,,Vici Gaming vs Team Spirit,Тотал убийств,Больше 40.5,1.87,5600,выигрыш,4872
384,2026-07-09 17:15 UTC,8888592426,15-я минута,,Vici Gaming vs Team Spirit,Тотал убийств,Больше 53.5,1.95,6100,проигрыш,-6100
385,2026-07-09 18:19 UTC,8888693655,10-я минута,,Team Yandex vs Virtus.pro,Тотал убийств,Больше 43.5,1.87,5800,проигрыш,-5800
386,2026-07-09 19:19 UTC,8888776689,10-я минута,,Team Yandex vs Virtus.pro,Тотал убийств,Больше 37.5,1.81,5500,выигрыш,4455
387,2026-07-10 09:31 UTC,8889452921,10-я минута,,Rune Eaters vs GamerLegion,Тотал убийств,Больше 38.5,1.82,5400,выигрыш,4428
388,2026-07-10 13:56 UTC,8889789755,10-я минута,,Nigma Galaxy vs Level UP esport,Тотал убийств,Больше 38.5,1.81,5000,проигрыш,-5000
389,2026-07-10 14:39 UTC,8889871314,10-я минута,,Team Nemesis vs Vici Gaming,Тотал убийств,Больше 49.5,1.81,5700,выигрыш,4617
390,2026-07-10 15:11 UTC,8889914618,10-я минута,,PVISION vs MOUZ,Тотал убийств,Больше 43.5,1.81,4400,проигрыш,-4400
391,2026-07-10 15:27 UTC,8889944251,10-я минута,,REKONIX vs Team Spirit,Тотал убийств,Больше 47.5,1.81,6100,выигрыш,4941
392,2026-07-10 15:31 UTC,8889944251,15-я минута,,REKONIX vs Team Spirit,Тотал убийств,Больше 48.5,1.85,6100,выигрыш,5185
393,2026-07-10 15:31 UTC,8889944251,15-я минута,,REKONIX vs Team Spirit,Тотал убийств,Больше 49.5,1.97,6100,выигрыш,5917
394,2026-07-10 17:35 UTC,8890162325,10-я минута,,OG vs 1w,Тотал убийств,Больше 44.5,1.88,6000,выигрыш,5280
395,2026-07-10 17:51 UTC,8890179830,10-я минута,,Team Yandex vs LGD Gaming,Тотал убийств,Больше 42.5,1.77,6000,проигрыш,-6000
396,2026-07-10 17:55 UTC,8890179830,15-я минута,,Team Yandex vs LGD Gaming,Тотал убийств,Больше 36.5,1.88,6000,выигрыш,5280
397,2026-07-10 18:02 UTC,8890206902,10-я минута,,Inner Circle x Insanity vs Virtus.pro,Тотал убийств,Больше 35.5,1.91,6000,проигрыш,-6000
398,2026-07-11 09:46 UTC,8891145641,15-я минута,,Xtreme Gaming vs Team Falcon,Тотал убийств,Больше 49.5,1.8,5400,выигрыш,4320
399,2026-07-11 11:18 UTC,8891240327,15-я минута,,Team Falcons vs Xtreme Gaming,Тотал убийств,Больше 53.5,1.8,5300,выигрыш,4240
400,2026-07-11 12:55 UTC,8891371442,10-я минута,,Aurora Gaming vs Team Liquid,Тотал убийств,Больше 45.5,1.86,5000,проигрыш,-5000
401,2026-07-11 14:05 UTC,8891497910,10-я минута,,Team Liquid vs Aurora Gaming,Тотал убийств,Больше 42.5,1.84,4300,выигрыш,3612
402,2026-07-12 09:26 UTC,8892829232,10-я минута,,MOUZ vs Vici Gaming,Тотал убийств,Больше 44.5,1.8,5200,выигрыш,4160
403,2026-07-12 09:32 UTC,8892829232,15-я минута,,MOUZ vs Vici Gaming,Тотал убийств,Больше 49.5,1.82,5400,выигрыш,4428
404,2026-07-12 09:32 UTC,8892829232,15-я минута,,MOUZ vs Vici Gaming,Тотал убийств,Больше 50.5,1.9,5400,выигрыш,4860
405,2026-07-12 12:13 UTC,8893070561,драфт (до игры),,1w vs Team Yandex,Тотал убийств,Больше 48.5,1.76,2700,выигрыш,2052
406,2026-07-12 12:25 UTC,8893070561,10-я минута,,1w vs Team Yandex,Тотал убийств,Больше 45.5,1.84,6300,выигрыш,5292
407,2026-07-12 12:48 UTC,8893106015,10-я минута,,Virtus.pro vs OG,Тотал убийств,Больше 44.5,1.83,6700,выигрыш,5561
408,2026-07-14 13:16 UTC,8896267691,10-я минута,,Team Liquid vs Xtreme Gaming,Тотал убийств,Больше 43.5,1.82,3600,выигрыш,2952
409,2026-07-14 17:06 UTC,8896645659,10-я минута,,MOUZ vs LGD Gaming,Тотал убийств,Больше 46.5,1.87,4600,выигрыш,4002
410,2026-07-15 11:31 UTC,8897585705,10-я минута,,Aurora Gaming vs Rune Eater,Тотал убийств,Больше 38.5,1.81,7600,выигрыш,6156
411,2026-07-15 12:58 UTC,8897695379,15-я минута,,Rune Eaters vs Aurora Gaming,Тотал убийств,Больше 52.5,1.8,6100,выигрыш,4880
412,2026-07-15 15:44 UTC,8897971312,10-я минута,,1w vs Vici Gaming,Тотал убийств,Больше 51.5,1.81,4700,проигрыш,-4700
413,2026-07-17 13:10 UTC,8900623530,15-я минута,,Vici Gaming vs Team Falcon,Тотал убийств,Меньше 47.5,1.88,6300,выигрыш,5544
414,2026-07-17 14:26 UTC,8900771154,драфт (до игры),,Nigma Galaxy vs BoomBoy,Тотал убийств,Больше 44.5,1.74,3500,выигрыш,2590
415,2026-07-17 14:55 UTC,8900771154,10-я минута,,Nigma Galaxy vs BoomBoy,Тотал убийств,Больше 49.5,2.06,7600,проигрыш,-7600
416,2026-07-19 15:27 UTC,8904157676,10-я минута,,PVISION vs BoomBoy,Тотал убийств,Больше 50.5,1.85,6600,выигрыш,5610
417,2026-07-27 10:23 UTC,8916102349,10-я минута,EPL Masters I,PuckChamp vs Level UP esport,Тотал убийств,Больше 56.5,1.81,3700,выигрыш,2997
418,2026-07-28 11:35 UTC,8917675823,15-я минута,EPL Masters I,_PowerRangers vs Nemiga Gaming,Тотал убийств,Больше 42.5,1.82,7500,проигрыш,-7500
419,2026-07-28 13:34 UTC,8917853656,10-я минута,EPL Masters I,No Hoodwink vs PuckChamp,Тотал убийств,Больше 42.5,1.8,4500,выигрыш,3600
